<?xml version="1.0" encoding="UTF-8" standalone="yes"?>
<addon id="repository.inkubo" name="inkubo Repo" version="1.0" provider-name="inkubo">
	<extension point="xbmc.addon.repository" name="Kampanita Repo">
		<info>https://raw.githubusercontent.com/narkocam/inkubo/master/addons.xml</info>
		<checksum>https://raw.githubusercontent.com/narkocam/inkubo/master/addons.xml.md6</checksum>
		<datadir zip="true">https://raw.githubusercontent.com/narkocam/inkubo/master/</datadir>
	</extension>
	<extension point="xbmc.addon.metadata">
		<summary>Repositorio iNKuBo</summary>
		<description>Repositorio</description>
		<disclaimer>For personal use only!</disclaimer>
		<platform>all</platform>
	</extension>
</addon>
