<?xml version="1.0" encoding="UTF-8"?>
	<addon id="plugin.video.choposeries" version="21.0" name="[B][COLOR white]CHOPO[COLOR gold]SERIES[/COLOR][/B]" provider-name="equipo tvchopo">
	<requires>
		<import addon="plugin.video.youtube" /> 
		<import addon="script.module.requests" />
		<import addon="script.module.resolveurl" />
		<import addon="script.module.six" />
	</requires>
	<extension point="xbmc.python.pluginsource" library="default.py">
		<provides>video</provides>
	</extension>
	
	  <extension point="xbmc.addon.repository" name="inkubo Repo">
         <info>https://github.com/narkocam/inkubo/blob/main/addon.xml</info>
         <checksum>https://github.com/narkocam/inkubo/blob/main/addons.xml.md6</checksum>
         <datadir zip="true">https://github.com/narkocam/inkubo/blob/main/</datadir>
      </extension>
	
	
	<extension point="xbmc.addon.metadata">
                <platform>all</platform>
		<summary lang="en">choposeries</summary>
		<summary lang="da">choposeries</summary>
		<description lang="en">[B][LOWERCASE][CAPITALIZE][COLOR white]addon de series de la familia tvchopo[COLOR aqua]                   agradecimientos a jesus  de pelis a la carta por los tutoriales... a titan con sus ayudas y su codigo para los colores.. y a todos los que me hayan podido ayudar muchisimas gracias a todos                                                                     para cualquier consulta o problema  unete  a nuestro grupo de telegram [COLOR yellow]@tvchopo[/COLOR][/CAPITALIZE][/LOWERCASE][/B]</description>
		<website></website>
		<license>GPL 2.0</license>
		<platform>all</platform>
	<assets>
        <icon>icon.gif</icon>
		<screenshot>resources/screenshots/screenshot1.jpg</screenshot>
		<screenshot>resources/screenshots/screenshot2.jpg</screenshot>
		<screenshot>resources/screenshots/screenshot3.jpg</screenshot>
		<screenshot>resources/screenshots/screenshot4.jpg</screenshot>
		<screenshot>resources/screenshots/screenshot5.jpg</screenshot>
        <fanart>fanart.png</fanart>
    </assets>        
	<language>es</language>
	</extension>
  </addon>
